{"cameraMode":{"drawMode":0,"name":"Shaded","section":"Shading Mode"},"sceneLighting":false,"audioPlay":false,"sceneViewState":{"showFog":true,"showMaterialUpdate":false,"showSkybox":false,"showFlares":true,"showImageEffects":true,"showParticleSystems":true,"showVisualEffectGraphs":true,"m_FxEnabled":true},"in2DMode":false,"pivot":{"x":-18.425090789794923,"y":2.7017862796783449,"z":-14.29532241821289},"rotation":{"x":-0.19964197278022767,"y":0.05493539571762085,"z":-0.011212227866053582,"w":-0.9782721996307373},"size":3.8870975971221926,"orthographic":false}