{"cameraMode":{"drawMode":0,"name":"Shaded","section":"Shading Mode"},"sceneLighting":false,"audioPlay":false,"sceneViewState":{"showFog":true,"showMaterialUpdate":false,"showSkybox":false,"showFlares":true,"showImageEffects":true,"showParticleSystems":true,"showVisualEffectGraphs":true,"m_FxEnabled":true},"in2DMode":false,"pivot":{"x":-0.16311348974704743,"y":3.3396995067596437,"z":20.597536087036134},"rotation":{"x":-0.0008870055316947401,"y":-0.9737043380737305,"z":0.22779327630996705,"w":-0.0037909126840531828},"size":4.113915920257568,"orthographic":false}