{"cameraMode":{"drawMode":0,"name":"Shaded","section":"Shading Mode"},"sceneLighting":true,"audioPlay":false,"sceneViewState":{"showFog":true,"showMaterialUpdate":false,"showSkybox":true,"showFlares":true,"showImageEffects":true,"showParticleSystems":true,"showVisualEffectGraphs":true,"m_FxEnabled":true},"in2DMode":false,"pivot":{"x":1.4005292654037476,"y":-2.066298246383667,"z":10.806133270263672},"rotation":{"x":0.26845067739486697,"y":-0.0115711884573102,"z":0.0031939775217324497,"w":0.9631854295730591},"size":29.23283576965332,"orthographic":false}